Name,ISIN,shareID,companyID,Symbol,name,name.hb
TIV TAAM,IL0001030100,103010,103,TTAM,TIV TAAM HOLDINGS 1 LTD,טיב טעם
AVIV ARLON,IL0001060131,106013,106,AVLN,AVIV ARLON LTD.,אביב ארלון
DIRECT CAPITA,IL0001110134,111013,111,DCI,DIRECT CAPITAL INVESTMENTS LTD.,דירקט קפיטל
WARDINON RSTA,IL0001140172,114017,114,WDRE,WARDINON REAL ESTATE LTD,ורדינון נדלן
BSR EUROPE,IL0001170104,117010,117,BSRU,B.S.R EUROPE LTD.,בסר אירופה
GAZIT GLOBE,IL0001260111,126011,126,GZT,GAZIT GLOBE LTD,גזית גלוב
MIVTACH SHAMIR,IL0001270193,127019,127,MISH,MIVTACH SHAMIR HOLDINGS LTD.,מבטח שמיר
ZANLAKOL,IL0001300131,130013,130,ZNKL,ZANLAKOL LTD.,זנלכל
KAMOR,IL0001320196,132019,132,KMOR,KAMOR LTD.,קמור
MAXIMA,IL0001340152,134015,134,MAXM,MAXIMA AIR SEPARATION CENTER LTD.,מקסימה
LAHAV,IL0001360101,136010,136,LAHAV,S.R. OVERSEAS INVESTMENTS LTD,להב
TEDEA,IL0001420186,142018,142,TEDE,TEDEA TECHNOLOGICAL DEVELOPMENT & AUTOMOTION LTD.,תדאה
ALROV,IL0001460190,146019,146,ALRO,AL-ROV (ISRAEL) LTD.,אלרוב ישראל
GOLD,IL0001490130,149013,149,GOLD,THE GOLD BOND GROUP LTD.,גולד
HIRON,IL0001500110,150011,150,HRON,HIRON-TRADE INVESTMENTS & INDUSTRIAL BUILDINGS LTD.,חירון
MINRAV,IL0001550362,155036,155,MNRV,MINRAV HOLDINGS LTD.,מנרב
MALAM TEAM,IL0001560189,156018,156,MLTM,MALAM-TEAM LTD.,מלם תים
ONE TECHNOLOGI,IL0001610182,161018,161,ONE,ONE SOFTWARE TECHNOLOGIES LTD,וואן טכנולוגיות
NETO,IL0001680136,168013,168,NTO,NETO M.E HOLDINGS LTD.,נטו אחזקות
FORMULA VISN,IL0001690119,169011,169,FVT,FORMULA VISION TECHNOLOGIES (F.V.T) LTD,פורמולה ויז'ן
INTERGAMA,IL0001740112,174011,174,INTR,INTER-GAMMA INVESTMENT LTD.,אינטרגאמא
IBI INV HOUSE,IL0001750186,175018,175,IBI,I.B.I INVESTMENT HOUSE LTD,איביאי בית השק
ANGEL SALOMON,IL0001800189,180018,180,ANGL,SALOMON A.ANGEL LTD.,אנגל שלמה
KETER,IL0001970123,197012,197,KETR,KETER PUBLISHING HOUSE LTD.,כתר
JERUSALEM ECON,IL0001980106,198010,198,ECJM,JERUSALEM ECONOMY LTD.,כלכלית ירושלים
ASIA DEVELOP,IL0001990188,199018,199,ASDV,ASIA DEVELOPMENT(E.D.B.M) LTD.,אסיה פיתוח
LEVINSKI OFER,IL0002000144,200014,200,LEOF,LEVINSKI OFER LTD,לוינסקי עופר
NAWI,IL0002080179,208017,208,NAWI,NAWI BROTHERS GROUP LTD,נאוי
AYALON       -L,IL0002090152,209015,209,AYAL-L,AYALON HOLDINGS LTD.,איילון-ס
WHITESMOKE,IL0002160104,216010,216,WSMK,WHITESMOKE SOFTWARE LTD,וויטסמוק
STAR NIGHT,IL0002200124,220012,220,STNT,STAR NIGHT TECHNOLOGIES LTD,סטאר נייט
CLAL INSURANCE,IL0002240146,224014,224,CLIS,CLAL INSURANCE ENTERPRISES HOLDINGS LTD.,כלל עסקי ביטוח
INDUS BUILDING,IL0002260193,226019,226,IBLD,INDUSTRIAL BUILDING CORPORATION LTD.,מבני תעשיה
BEZEQ,IL0002300114,230011,230,BEZQ,BEZEQ THE ISRAELI TELECOMMUNICATION CORP. LTD.,בזק
ISRAMCO       L,IL0002320179,232017,232,ISRA.L,ISRAMCO NEGEV 2 LIMITED PARTNERSHIP,ישראמקו     יהש
GOLDEN HOUSE,IL0002350101,235010,235,GOHO,GOLDEN HOUSE LTD.,בית הזהב
MAMAN,IL0002380140,238014,238,MMAN,MAMAN- CARGO TERMINALS & HANDLING LTD.,ממן
CELLECT BIOMED,IL0002410186,241018,241,CLBD,CELLECT BIOMED LTD,סלקט ביומד
HLDS     L,IL0002430143,243014,243,HLDS.L,I.N.O.C - DEAD SEA LIMITED PARTNERSHIP.,חנל        יהש
YAAD -L,IL0002490113,249011,249,YAAD-L,YAAD INDUSTRIAL REPRESENTATION LTD.,יעד-ס
ASHTROM PROP,IL0002510175,251017,251,ASPR,ASHTROM PROPERTIES LTD.,אשטרום נכסים
MEDTECHNICA,IL0002530132,253013,253,MEDI,MEDTECHNICA LTD.,מדטכניקה
FORMULA,IL0002560162,256016,256,FORTY,FORMULA SYSTEMS (1985) LTD.,פורמולה מערכות
MERCHAVIA HOLD,IL0002570146,257014,257,MRHL,MERCHAVIA HOLDINGS AND INVESTMENTS LTD,מרחביה אחזקות
TADIRAN HOLDING,IL0002580129,258012,258,TDRN,TADIRAN HOLDINGS LTD,תדיראן הולדינגס
GEFEN INV-M,IL0002640105,264010,264,GEFEN-M,GEFEN BIOMED INVESTMENTS LTD,גפן השק-ש
ORBIT,IL0002650179,265017,265,ORBI,ORBIT TECHNOLOGIES LTD.,אורביט
ROBOGROUP,IL0002660152,266015,266,ROBO,ROBOGROUP T.E.K LTD.,רובוגרופ
AVNER         L,IL0002680119,268011,268,AVNR.L,AVNER OIL EXPLORATION - LIMITED PARTNERSHIP,אבנר        יהש
CINEMA -M,IL0002690191,269019,269,CNMA-M,CINEMA TRUSTS INVESTMENTS IN MOVIES - LIMITED PARTNERSHIP,סינמה יהש-ש
TRENDLINE,IL0002710155,271015,271,TREN,TRENDLINE INFORMATION AND COMMUNICATION SERVICES LTD.,קו מנחה
NICE,IL0002730112,273011,273,NICE,NICE SYSTEMS LTD.,נייס
NAPHTHA EXP L,IL0002740194,274019,274,NFEX.L,NAPHTHA EXPLORATIONS - LIMITED PARTNERSHIP,נפטא חיפוש יהש
BIOCELL,IL0002780109,278010,278,BCEL,BIO-CELL LTD.,ביוסל
CASTRO,IL0002800162,280016,280,CAST,CASTRO MODEL LTD.,קסטרו
ICL,IL0002810146,281014,281,ICL,ICL-ISRAEL CHEMICALS LTD.,כיל
IMCO,IL0002820129,282012,282,IMCO,IMCO INDUSTRIES LTD.,אימקו
BARAN,IL0002860133,286013,286,BRAN,BARAN GROUP LTD.,ברן
SCOPE,IL0002880198,288019,288,SCOP,SCOPE METALS GROUP LTD,סקופ
TEUZA,IL0002900236,290023,290,TUZA,TEUZA - A FAIRCHILD  TECHNOLOGY VENTURE LTD.,תעוזה
GALTEN-M,IL0002950140,295014,295,GLTN-M,GALTEN BIODIESEL LTD,גלטן ביודיזל-ש
SDS-M,IL0002960123,296012,296,SDS-M,S.D.S (STAR DEFENCE SYSTEMS) LTD,אס.די.אס-ש
AVROT,IL0002970106,297010,297,AVRT,AVROT INDUSTRIES LTD.,אברות
RSL,IL0002990161,299016,299,RSEL,R.S.L. ELECTRONICS LTD.,אראסאל
TIV         -L,IL0003000127,300012,300,TIVA-L,TIV TEXTILE GROUP (1969) LTD.,טיב טקסטיל-ס
OSEM,IL0003040149,304014,304,OSEM,OSEM INVESTMENTS LTD.,אסם
ARKO HOLDINGS,IL0003100117,310011,310,ARKO,ARKO HOLDINGS LTD,ארקו החזקות
ASHOT,IL0003120172,312017,312,ASHO,ASHOT - ASHKELON INDUSTRIES LTD.,עשות
ASPEN GROUP,IL0003130155,313015,313,ASGR,ASPEN GROUP LTD.,אספן גרופ
DANEL,IL0003140139,314013,314,DANE,DANEL (ADIR YEOSHUA) LTD.,דנאל כא
FMS,IL0003150104,315010,315,FBRT,FMS ENTERPRISES MIGUN LTD,פמס
LEADER,IL0003180143,318014,318,LDER,LEADER HOLDINGS & INVESTMENTS LTD.,לידר השקעות
MELISRON,IL0003230146,323014,323,MLSR,MELISRON LTD.,מליסרון
PRIORTECH,IL0003280133,328013,328,PRTC,PRIORTECH LTD,פריורטק
PENINSULA GROUP,IL0003330136,333013,333,PEN,PENINSULA GROUP LTD,פנינסולה
MER,IL0003380123,338012,338,CMER,C. MER INDUSTRIES LTD.,מר
SHEFA YAMIM,IL0003410169,341016,341,SEFA,SHEFA YAMIM LTD.,שפע ימים
CHAM,IL0003420143,342014,342,CHAM,CHAM FOODS (ISRAEL) LTD.,צאם
HACHSHARA-L,IL0003430126,343012,343,HAHO-L,HACHSHARAT HAYISHUV HOTELS LTD.,מלונות הכשרה-ס
MODIIN     L,IL0003450173,345017,345,MDIN.L,MODIIN ENERGY-LIMITED PARTNERSHIP,מודיעין   יהש
VISION SIGMA,IL0003500175,350017,350,VISN,VISION SIGMA LTD,ויז'ן סיגמא
HOD,IL0003510158,351015,351,HOD,HOD-ASSAF INDUSTRIES LTD.,חד
TELSYS,IL0003540197,354019,354,TLSY,TELSYS LTD.,טלסיס
KALANT CARMON-M,IL0003550162,355016,355,KLNT-M,KALANIT CARMON SOFTWARE SERVICES LTD.,כלנית כרמון-ש
ZMIHA      -M,IL0003610149,361014,361,TZMI-M,ZMIHA INVESTMENT HOUSE LTD.,צמיחה-ש
APPLY,IL0003630105,363010,363,APLY,APPLY ADVANCED MOBILE TECHNOLOGIES LTD,אפליי
ASRR,IL0003650152,365015,365,ASRR,ASRR CAPITAL LTD,איאסאראר
ARENA GROUP,IL0003660136,366013,366,ARNA,ARENA STAR GROUP LTD,ארנה גרופ
BIOMEDIX,IL0003680191,368019,368,BMDX,BIOMEDIX INCUBATOR LTD.,ביומדיקס
WILLY FOOD,IL0003710139,371013,371,WLFD,WILLY FOOD INVESTMENTS LTD,וילי פוד
AURA,IL0003730194,373019,373,AURA,AURA INVESTMENTS LTD.,אאורה
E&M,IL0003820102,382010,382,EMCO,E & M COMPUTING LTD.,אמת
APIO AFRICA,IL0003830184,383018,383,APIO,APIO AFRICA LTD,אפיו אפריקה
HAMAT,IL0003840167,384016,384,HAMAT,HAMAT GROUP LTD.,חמת
QUEENCO,IL0003860116,386011,386,QNCO,(I.Z)QUEENCO LTD,קווינקו
ALROV PROPERT,IL0003870198,387019,387,ALRPR,ALROV PROPERTIES & LODGINGS LTD.,אלרוב נדלן
AGRI,IL0003890154,389015,389,AGRI,AGRI INVEST LTD.,אגרי
ALONY HETZ,IL0003900136,390013,390,ALHE,ALONY HETZ PROPERTIES & INVESTMENTS LTD.,אלוני חץ
RALCO,IL0003930174,393017,393,RLCO,RALCO AGENCIES LTD.,ראלקו
RATIO       L,IL0003940157,394015,394,RATI.L,RATIO OIL EXPLORATION (1992) - LIMITED PARTNERSHIP,רציו      יהש
NEW HORIZON-M,IL0003970188,397018,397,NERZ-M,NEW HORIZON GROUP LTD,ניו הוריזון-ש
BRILL,IL0003990145,399014,399,BRIL,BRILL SHOE INDUSTRIES LTD.,בריל
DUNIEC,IL0004000100,400010,400,DUNI,DUNIEC BROS. LTD.,דוניץ
MAYANOT TAMDA,IL0004040122,404012,404,TMDA,MAYANOT TAMDA LTD.,מעיינות טמדא
PAYTON -L,IL0004120155,412015,412,PAYT-L,PAYTON INDUSTRIES LTD.,פייטון -ס
AVIATION LINKS,IL0004130139,413013,413,AVIA,AVIATION LINKS LTD.,קשרי תעופה
HABAS,IL0004150186,415018,415,HBS,HABAS INVESTMENTS (1960) LTD.,חבס
VILLAR,IL0004160169,416016,416,VILR,VILLAR INTERNATIONAL LTD.,וילאר
E.T.VIEW MEDIC,IL0004180126,418012,418,ETVW,E.T. VIEW MEDICAL LTD.,אי.טי.ויו מדיקל
NETANEL GROUP,IL0004210162,421016,421,NTGR,NETANEL GROUP LTD.,נתנאל גרופ
S.R ACCORD,IL0004220146,422014,422,SRAC,S.R ACCORD LTD,אסאר אקורד
ITAY FINANCIAL,IL0004240102,424010,424,ITYF,ITAY FINANCIAL A.A INVESTMENTS LTD.,איתי פיננסים
SARFATI,IL0004250176,425017,425,SRFT,ZVI SARFATI & SONS INVESTMENTS & CONSTRUCTIONS LTD.,צרפתי
IES,IL0004310152,431015,431,IES,IES HOLDINGS LTD.,אייאיאס
MICROMEDIC,IL0004330119,433011,433,MCTC,MICROMEDIC TECHNOLOGIES LTD,מיקרומדיק
ISRAEL CANADA,IL0004340191,434019,434,ISCN,ISRAEL CANADA (T.R) LTD,ישראל קנדה
CARMIT,IL0004400169,440016,440,CRMT,CARMIT CANDY INDUSTRIES LTD,כרמית
C I SYSTEMS,IL0004420126,442012,442,CISY,CI SYSTEMS (ISRAEL) LTD.,סיאי
AVIV,IL0004440181,444018,444,AVIV,MORDECHAI AVIV TAASIOT BENIYAH (1973) LTD.,אביב בניה
MATRIX,IL0004450156,445015,445,MTRX,MATRIX IT LTD.,מטריקס
ULTRA EQUITY,IL0004480195,448019,448,ULTR-M,ULTRA EQUITY INVESTMENTS LTD.,אולטרה אקויטי-ש
TUBE,IL0004540170,454017,454,TUBE,MIDDLE EAST TUBE CO. LTD.,"צנורות המזה""ת"
NETZ GRUOP,IL0004550146,455014,455,NETZ,NETZ GROUP LTD.,נץ קבוצה
CHIRON,IL0004560129,456012,456,CHR,CHIRON REFINERIES LTD,צירון
JOBOOKIT HOLD,IL0004620105,462010,462,JBKT,JOBOOKIT HOLDINGS LTD,ג'ובוקיט החזקות
DORI GROUP,IL0004730177,473017,473,DORI,U.DORI GROUP LTD.,דורי קבוצה
ELBIT MEDITEC,IL0004740150,474015,474,EMTC,ELBIT MEDICAL TECHNOLOGIES LTD,אלביט מדקל טכ
DELEK DRILL L,IL0004750209,475020,475,DEDR.L,DELEK DRILLING - LIMITED PARTNERSHIP,דלק קידוחים יהש
TALDOR,IL0004770181,477018,477,TALD,TALDOR COMPUTER SYSTEMS (1986) LTD.,טלדור
GULLIVER-M,IL0004840141,484014,484,GLVR-M,GULLIVER ENERGY LTD,גוליבר-ש
BONUS BIOGROUP,IL0004850116,485011,485,BONS,BONUS BIOGROUP LTD.,בונוס ביוגרופ
YBOX,IL0004860271,486027,486,YBOX,YBOX REAL ESTATE LTD,וויי בוקס
NISKO INDUST,IL0004880154,488015,488,NSKO,NISKO INDUSTRIES (1992) LTD.,ניסקו תעשיות
PALACE INDUST,IL0004890138,489013,489,PLIND,PALACE INDUSTRIES (P.I.) LTD,פאלאס תעשיות
GODM,IL0004940131,494013,494,GODM,GO.D.M INVESTMENTS LTD.,גו.די.אם
COLLPLANT,IL0004960188,496018,496,CLPT,COLLPLANT HOLDINGS LTD,קולפלנט
ADO,IL0005050161,505016,505,ADO,A.D.O. GROUP LTD.,איידיאו
GIVOT       L,IL0005060228,506022,506,GIVO.L,GIVOT OLAM OIL EXPLORATION-LIMITED PARTNERSHIP(1993),גבעות       יהש
COMPUTER DIRECT,IL0005070128,507012,507,CMDR,COMPUTER DIRECT GROUP LTD.,מיחשוב ישר קב
NETZ US,IL0005160135,516013,516,NEZU,NETZ UNITED STATES (H.Y) LTD,נץ ארהב
KAFRIT,IL0005220111,522011,522,KAFR,KAFRIT INDUSTRIES (1993) LTD.,כפרית
RAVAD,IL0005260125,526012,526,RAVD,RAVAD LTD.,רבד
MAABAROT,IL0005280180,528018,528,MABR,MAABAROT PRODUCTS LTD.,מעברות
BIRMAN,IL0005300145,530014,530,BIRM,BIRMAN WOOD AND HARDWARE LTD.,בירמן
BONEI TICHON-L,IL0005310128,531012,531,BOTI-L,BONEI HATICHON CIVIL ENGINEERING & INFRASTRUCTURES LTD.,בוני תיכון-ס
GAN SHMUEL,IL0005320101,532010,532,GSFI,GAN SHMUEL FOODS LTD.,גן שמואל
BRAND,IL0005360115,536011,536,BRND,BRAND INDUSTRIES LTD.,ברנד
ROTSHTEIN,IL0005390153,539015,539,ROTS,ROTSHTEIN REALESTATE LTD,רוטשטיין
KNAFAIM,IL0005430173,543017,543,KNFM,KNAFAIM HOLDINGS LTD.,כנפיים
MYDAS,IL0005440156,544015,544,MYDS,MYDAS INVESTMENT FUND LTD.,מידאס
PROFIT-M,IL0005490144,549014,549,PROB-M,PROFIT BUILDING INDUSTRIES LTD.,פרופיט-ש
STG,IL0005500124,550012,550,STG,STG INTERNATIONAL LTD.,אסטיגי
SUNY   -M,IL0005550111,555011,555,SUNY-M,SUNY ELECTRONIC INC. LTD.,סאני-ש
EDEN ENERGY-M,IL0005560193,556019,556,EDN-M,EDEN ENERGY DISCOVERIES LTD,אדן אנרגיה-ש
NADLANS-L,IL0005640136,564013,564,NDLS-L,NADLANS LTD.,נדלנס-ס
DELEK ENERGY,IL0005650101,565010,565,DLEN,DELEK ENERGY SYSTEMS LTD.,דלק אנרגיה
MENORA MIV HLD,IL0005660183,566018,566,MMHD,MENORA MIVTACHIM HOLDINGS LTD,מנורה מב החז
SPECTRONIX,IL0005680140,568014,568,SPCT,SPECTRONIX LTD.,ספקטרוניקס
LEVINSTEIN ENG,IL0005730143,573014,573,LEVI,MESHULAM LEVINSTEIN CONSTRACTING & ENGINEERING LTD,לוינשטין הנדסה
VAXIL BIO,IL0005740126,574012,574,VAXL,VAXIL BIO LTD,ווקסיל ביו
ISRAEL CORP,IL0005760173,576017,576,ILCO,THE ISRAEL CORPORATION LTD.,חברה לישראל
AFCON HOLD,IL0005780130,578013,578,AFHL,AFCON HOLDINGS LTD.,אפקון החזקות
JOEL,IL0005830133,583013,583,JOEL,J.O.E.L. JERUSALEM OIL EXPLORATION LTD.,יואל
LIBENTAL,IL0005840116,584011,584,LBTL,A.LIBENTAL HOLDINGS LTD.,ליבנטל
HAREL,IL0005850180,585018,585,HARL,HAREL INSURANCE INVESTMENTS & FINANCIAL SERVICES LTD.,הראל השקעות
ARYT,IL0005870147,587014,587,ARYT,ARYT INDUSTRIES LTD.,ארית תעשיות
EMILIA DEVEL,IL0005890103,589010,589,EMDV,EMILIA DEVELOPMENT (O.F.G) LTD.,אמיליה פיתוח
FIBI BANK,IL0005930388,593038,593,FTIN,The First International Bank of Israel Ltd,בינלאומי
DI ROM,IL0005990192,599019,599,DROM,DI ROM BUILDING INVESTMENT & DEVELOPMENT CO. LTD.,די רום
OHH,IL0006010131,601013,601,OHH,OTZAR HITYASHVUTH HAYEHUDIM LTD.,אוהה
LEUMI,IL0006046119,604611,604,LUMI,Bank Leumi Le-Israel B.M,לאומי
AFRICA,IL0006110121,611012,611,AFIL,AFRICA-ISRAEL INVESTMENTS LTD.,אפריקה
LAND DEV,IL0006120104,612010,612,ILDC,THE ISRAEL LAND DEVELOPMENT CO. LTD.,הכשרת הישוב
ISRAS,IL0006130343,613034,613,ISRS,ISRAS INVESTMENT COMPANY LTD.,ישרס
ARGAMAN-M,IL0006170356,617035,617,ARGM-M,ARGAMAN INDUSTRIES LTD.,ארגמן-ש
KERUR,IL0006210111,621011,621,KRUR,KERUR HOLDINGS LTD,קרור
ALBAAD,IL0006250125,625012,625,ALBA,ALBAAD MASSUOT YITZHAK LTD.,על בד
DELTA,IL0006270347,627034,627,DELT,DELTA-GALIL INDUSTRIES LTD.,דלתא
TEVA,IL0006290147,629014,629,TEVA,TEVA- PHARMACEUTICAL INDUSTRIES LTD.,טבע
HADERA PAPER,IL0006320183,632018,632,HAP,HADERA PAPER LTD.,נייר חדרה
SHEMEN INDUSTRY,IL0006340306,634030,634,SMNIN,SHEMEN INDUSTRIES LTD.,שמן תעשיות
DISCOUNT INV,IL0006390137,639013,639,DISI,DISCOUNT INVESTMENT CORP. LTD.,דיסקונט השקעות
ABETRANS,IL0006410190,641019,641,ABTR,ABETRANS LTD.,אייביטרנס
LAPIDOTH,IL0006420173,642017,642,LAPD,LAPIDOTH ISRAEL OIL PROSPECTORS CORPORATION LTD.,לפידות
NAPHTHA,IL0006430156,643015,643,NFTA,NAPHTHA ISRAEL PETROLEUM CORP. LTD.,נפטא
PALRAM,IL0006440130,644013,644,PLRM,PALRAM INDUSTRIES (1990) LTD.,פלרם
AMANET,IL0006540129,654012,654,AMAN,AMANET MANAGEMENT & SYSTEMS LTD.,אמנת
NISSAN,IL0006600196,660019,660,NISA,NISSAN MEDICAL INDUSTRIES LTD.,ניסן
POALIM,IL0006625771,662577,662,POLI,Bank Hapoalim B.M,פועלים
NETZ HOTELS,IL0006660166,666016,666,NZHT,NETZ HOTELS LTD.,נץ מלונות
MTI,IL0006690106,669010,669,MTCO,M.T.I. COMPUTERS & SOFTWARE SERVICES (1982) LTD.,מטי
TEFEN,IL0006730126,673012,673,TEFN,TEFEN INDUSTRIAL ENGINEERING & MANAGEMENT & SYSTEMS ANALYSIS,תפן
AVERBUCH,IL0006750173,675017,675,AVER,AVERBUCH FORMICA CENTER LTD.,אברבוך
MEHADRIN,IL0006860147,686014,686,MEDN,MEHADRIN LTD.,מהדרין
DISCOUNT,IL0006912120,691212,691,DSCT,Israel Discount Bank Ltd,דיסקונט       א
ELCO,IL0006940345,694034,694,ELCO,ELCO LTD,אלקו
MIZRAHI TEFAHOT,IL0006954379,695437,695,MZTF,Mizrahi Tefahot Bank Ltd,מזרחי טפחות
PROPERT & BUIL,IL0006990175,699017,699,PTBL,PROPERTY AND BUILDING CORP. LTD.,נכסים ובנין
EXPORT INV,IL0007040152,704015,704,EXPO,EXPORT INVESTMENT CO. LTD.,יצוא
DEXIA ISRAEL,IL0007110104,711010,711,DXIL,Dexia Israel Bank Ltd,דקסיה ישראל
AZORIM,IL0007150118,715011,715,AZRM,"AZORIM-INVESTMENT, DEVELOPMENT & CONSTRUCTION CO. LTD.",אזורים
CITRUS PLT1-L,IL0007160190,716019,716,CTPL1-L,I.C.P. ISRAEL CITRUS PLANTATIONS LTD.,מטעי הדר -1ס
CITRUS PLANT5-L,IL0007160356,716035,716,CTPL5-L,I.C.P. ISRAEL CITRUS PLANTATIONS LTD.,מטעי הדר -1ס
LEVI       -M,IL0007190130,719013,719,LEVI-M,A.LEVI INVESTMENT & CONSTRUCTION LTD.,לוי-ש
ENLIGHT ENERGY,IL0007200111,720011,720,ENLT,ENLIGHT RENEWABLE ENERGY LTD.,אנלייט אנרגיה
UNION,IL0007223147,722314,722,UNON,Union Bank of Israel Ltd,אגוד
NORSTAR,PAL0605071A3,723007,723,NSTR,NORSTAR HOLDINGS INC,נורסטאר
JERUSALEM,IL0007260180,726018,726,JBNK,Bank of Jerusalem Ltd,ירושלים
PLASTO SAC,IL0007270163,727016,727,PLST,PLASTO-SAC LTD.,פלסטו שק
ZUR,IL0007300101,730010,730,ZUR,ZUR SHAMIR HOLDINGS LTD.,צור
ARAD INVESTMENT,IL0007310183,731018,731,ARAD,ARAD INVESTMENT & INDUSTRIAL DEVELOPMENT LTD.,ערד
IDB HOLDINGS,IL0007365799,736579,736,IDBH,IDB HOLDING CORPORATION LTD.,אידיבי אחזקות
ELECTRA,IL0007390375,739037,739,ELTR,ELECTRA LTD.,אלקטרה
ALGOMIZER,IL0007440113,744011,744,ALMO,ALGOMIZER LTD.,אלגומייזר
POLYGON,IL0007450187,745018,745,POLY,POLYGON REALESTATE LTD.,פוליגון
STRAUSS GROUP,IL0007460160,746016,746,STRS,STRAUSS GROUP LTD.,שטראוס
ELRON,IL0007490779,749077,749,ELRN,ELRON ELECTRONIC IND. LTD.,אלרון
MANO DIMENSION,IL0007510329,751032,751,NNDM,NANO DIMENSION LTD,ננו דיימנשן
LODZIA,IL0007530129,753012,753,LODZ,LODZIA-ROTEX INVESTMENT LTD.,לודזיה
EQUITAL,IL0007550176,755017,755,EQTL,EQUITAL LTD.,אקויטל
PETROCHEMICAL-M,IL0007560159,756015,756,PTCH-M,ISRAEL PETROCHEMICAL ENTERPRISES LTD.,פטרוכימיים-ש
BAYSIDE LAND,IL0007590198,759019,759,BYSD,BAYSIDE LAND CORPORATION LTD.,גב ים
FIBI HOLDINGS,IL0007630119,763011,763,FIBI,F.I.B.I. HOLDINGS LTD.,פיבי
KITOV PHARMA,IL0007650166,765016,765,KTOV,KITOV PHARMACEUTICALS HOLDINGS LTD,כיטוב פארמה
PHOENIX,IL0007670123,767012,767,PHOE,THE PHOENIX HOLDINGS LTD,פניקס
RAPAC,IL0007690261,769026,769,RPAC,RAPAC COMMUNICATION & INFRASTRUCTURE LTD,רפק
GREENSTONE,IL0007700169,770016,770,GRTN,GREENSTONE INDUSTRIES LTD.,גרינסטון
ENGEL RESOUR,IL0007710143,771014,771,ENRS,ENGEL RESOURCES AND DEVELOPMENT LTD,אנגל משאבים
SHUFERSAL,IL0007770378,777037,777,SAE,SHUFERSAL LTD.,שופרסל
TAYA INV-L,IL0007960110,796011,796,TAYA-L,TAYA INVESTMENT CO. LTD.,תיא השקעות-ס
KLIL,IL0007970358,797035,797,KLIL,KLIL INDUSTRIES LTD.,קליל
AFRICA INDUST,IL0008000114,800011,800,AFID,AFRICA ISRAEL INDUSTRIES LTD.,אפריקה תעשיות
COHEN DEV,IL0008100104,810010,810,CDEV,COHEN- DEVELOPMENT & INDUSTRIAL BUILDINGS LTD.,כהן פיתוח
SANO,IL0008130143,813014,813,SANO1,SANO BRUNO'S ENTERPRISES LTD.,סנו
OGEN REAL EST,IL0008190113,819011,819,OGEN,OGEN YIELDING REAL ESTATE LTD.,עוגן נדלן
DAN   HOTELS,IL0008220159,822015,822,DANH,DAN HOTELS  LTD.,דן מלונות
HAGAG,IL0008230133,823013,823,HGG,HAGAG GROUP REAL ESTATE ENTREPRENEURSHIP LTD,חג'ג'
A.D.N,IL0008240116,824011,824,ADN,A.D.N GLOBAL EQUITY LTD,איי.די.אן
LACHISH,IL0008260163,826016,826,LHIS,LACHISH INDUSTRIES LTD.,לכיש
DELEK AUTOMOTIV,IL0008290103,829010,829,DLEA,DELEK AUTOMOTIVE SYSTEMS LTD.,דלק רכב
NATURAL RESOURC,IL0010802416,1080241,60,NRH,NATURAL RESOURCE HOLDINGS LTD.,משאבי טבע
HAMLET,IL0010803240,1080324,68,HAML,HAM-LET (ISRAEL-CANADA) LTD.,המלט
RIMONI,IL0010804560,1080456,76,RIMO,RIMONI INDUSTRIES LTD.,רימוני
GAMATRONIC-L,IL0010805229,1080522,1001,GAMT-L,GAMATRONIC ELECTRONIC INDUSTRIES LTD.,גמאטרוניק-ס
SATCOM SYSTEM,IL0010805971,1080597,1006,STCM,SATCOM SYSTEMS LTD,סאטקום מערכות
SPEECH,IL0010806052,1080605,1007,SPCH,SPEECH MODULES HOLDINGS LTD,ספיץ'
ANALYST,IL0010806136,1080613,1008,ANLT,ANALYST I.M.S. INVESTMENT MANAGEMENT SERVICES LTD.,אנליסט
EXCELLENCE-L,IL0010806391,1080639,1009,EXCE-L,EXCELLENCE INVESTMENTS LTD.,אקסלנס השקעות-ס
EZ ENERGY,IL0010806888,1080688,1012,EZ,EZ ENERGY LTD.,איזי אנרגיה
D MEDICAL,IL0010807209,1080720,1010,DMED,D MEDICAL INDUSTRIES LTD,די מדיקל
ILEX MEDICAL,IL0010807530,1080753,1019,ILX,ILEX MEDICAL LTD.,אילקס מדיקל
SHANIV,IL0010808371,1080837,1025,SHAN,SHANIV PAPER INDUSTRY LTD.,שניב
INTER INDSTRIES,IL0010809288,1080928,1028,ININ,INTER INDUSTRIES LTD,אינטר תעשיות
GAI BEACH,IL0010809510,1080951,1029,GIBC,GAI BEACH HOTEL,חוף גיא
ISROTEL    -L,IL0010809858,1080985,1032,ISRO-L,ISROTEL LTD.,ישרוטל -ס
REKAH,IL0010810096,1081009,1033,REKA,REKAH PHARMACEUTICAL INDUSTRY LTD.,רקח
ISSTA,IL0010810740,1081074,1036,ISTA,ISSTA LINES LTD.,איסתא
FRUTAROM,IL0010810823,1081082,1037,FRUT,FRUTAROM INDUSTRIES LTD.,פרוטרום
ELBIT IMAGING,IL0010811169,1081116,1039,EMITF,ELBIT IMAGING LTD.,אלביט הדמיה
ELBIT SYSTEMS,IL0010811243,1081124,1040,ESLT,ELBIT SYSTEMS LTD.,אלביט מערכות
MIGDAL INSUR.,IL0010811656,1081165,1041,MGDL,MIGDAL INSURANCE & FINANCIAL HOLDINGS LTD.,מגדל ביטוח
NITSBA,IL0010812159,1081215,1043,NTBA,NITSBA HOLDINGS 1995 LTD.,נצבא
LUDAN,IL0010814395,1081439,1050,LUDN,LUDAN ENGINEERING CO. LTD.,לודן
BET SHEMESH,IL0010815616,1081561,1054,BSEN,BET SHEMESH ENGINES HOLDINGS (1997) LTD.,בית שמש
PLASSON INDUS,IL0010816036,1081603,1057,PLSN,PLASSON INDUSTRIES LTD.,פלסאון תעשיות
SUMMIT,IL0010816861,1081686,1060,SMT,SUMMIT REAL ESTATE HOLDINGS LTD,סאמיט
MEITAV DS,IL0010818438,1081843,1064,MTDS,MEITAV DASH INVESTMENTS LTD,מיטב דש
ITURAN,IL0010818685,1081868,1065,ITRN,ITURAN LOCATION AND CONTROL LTD.,איתוראן
SHIKUN & BINUI,IL0010819428,1081942,1068,SKBN,SHIKUN & BINUI LTD.,שיכון ובינוי
W.T.P.,IL0010819832,1081983,1070,WTPI,W.T.P. ISRAEL (WASTE TO PRODUCTS) LTD.,וו.טי.פי.
KELA INVEST-M,IL0010820079,1082007,1071,KLIN-M,KELA - INVESTMENT FNUD LTD,קלע השקעות-ש
INVENTECH,IL0010821143,1082114,1074,IVTC,INVENTECH CENTRAL HOTELS LTD,אינוונטק
MAGIC,IL0010823123,1082312,2026,MGIC,MAGIC SOFTWARE ENTERPRISES LTD.,מג'יק
ORCKIT-M,IL0010823461,1082346,2093,ORCT-M,ORCKIT COMMUNICATIONS LTD.,אורכית-ש
SCAILEX,IL0010823537,1082353,2009,SCIX,SCAILEX CORPORATION LTD.,סקיילקס
TOWER,IL0010823792,1082379,2028,TSEM,TOWER SEMICONDUCTOR LTD.,טאואר
GILAT,IL0010825102,1082510,2030,GILT,GILAT SATELLITE NETWORKS LTD.,גילת
EZCHIP,IL0010825441,1082544,2032,EZCH,EZCHIP SEMICONDUCTOR LTD.,איזיצ'יפ
ALON BLUE SQUAR,IL0010825516,1082551,2063,BSI,ALON BLUE SQUARE ISRAEL LTD,אלון רבוע כחול
TEFRON,IL0010825854,1082585,2076,TFRLF,TEFRON LTD.,תפרון
ELLOMAY,IL0010826357,1082635,2101,ELLO,ELLOMAY CAPITAL LTD,אלומיי
SILICOM,IL0010826928,1082692,2107,SILC,SILICOM LTD.,סיליקום
TAT TECHNO,IL0010827264,1082726,2110,TATT,TAT TECHNOLOGIES LTD,תאת טכנו
AUDIOCODES,IL0010829658,1082965,2134,AUDC,AUDIOCODES LTD.,אודיוקודס
CYREN,IL0010832371,1083237,2155,CYRN,CYREN LTD,סיירן
TOP SYSTEMS-L,IL0010833775,1083377,1081,TOPS-L,TOP RAMDOR SYSTEMS & COMPUTERS CO.(1990) LTD.,טופ מערכות-ס
TCHNOPLS VENT,IL0010834195,1083419,1082,TNPV,TECHNOPLUS VENTURES LTD,טכנופלס ונצרס
INTERNET GOLD,IL0010834435,1083443,2156,IGLD,INTERNET GOLD GOLDEN LINES LTD,אינטרנט זהב
PARTNER,IL0010834849,1083484,2095,PTNR,PARTNER COMMUNICATIONS COMPANY LTD.,פרטנר
NAAMAN,IL0010835754,1083575,1085,NAMN,NAAMAN GROUP(N.V) LTD.,נעמן
POLAR COMM,IL0010836331,1083633,1087,PLRC,POLAR COMMUNICATION LTD.,פולאר תקשורת
ELDAV,IL0010836588,1083658,1088,ELDAV,ELDAV INVESTMENTS LTD.,עילדב
DIRECT INSURANC,IL0010836828,1083682,1089,DIFI,DIRECT INSURANCE - FINANCIAL INVESTMENTS LTD.,ביטוח ישיר
UNITRONICS,IL0010838311,1083831,2170,UNIT,"UNITRONICS (1989)(R""G) LTD.",יוניטרוניקס
MARGING PURP-M,IL0010838568,1083856,1091,MRPR-M,COMPANY MARGING PURPOSE LTD,מטרת מיזוג-ש
NEXTGEN,IL0010839301,1083930,1092,NXGN,NEXTGEN BIOMED LTD,נקסט ג'ן
QUALITAU,IL0010839558,1083955,1093,QLTU,QUALITAU LTD.,קווליטאו
A.L.D.,IL0010840036,1084003,1094,ALD,A.L.D. ADVANCED LOGISTICS DEVELOPMENTS LTD.,אי.אל.די.
DELEK GROUP,IL0010841281,1084128,1095,DLEKG,DELEK GROUP LTD.,דלק קבוצה
DANYA CEBUS,IL0010841448,1084144,1096,DNYA,DANYA CEBUS LTD.,דניה סיבוס
TAMIR CAPITAL,IL0010843675,1084367,1102,TFVC,TAMIR FISHMAN VENTURE CAPITAL II LTD.,תמיר הון
JERUSALEM INVES,IL0010844335,1084433,1105,JTI,JERUSALEM TECHNOLOGY INVESTMENTS LTD,ג'רוסלם השקעות
ALVARION,IL0010844582,1084458,2173,ALVR,ALVARION LTD.,אלווריון
POALIM IBI,IL0010844822,1084482,1106,PIU,POALIM I.B.I-& UNDERWRITING LTD,פועלים איביאי
NOVA,IL0010845571,1084557,2177,NVMI,NOVA MEASURING INSTRUMENTS LTD.,נובה
HILAN,IL0010846983,1084698,1110,HLAN,HILAN LTD.,חילן
FINANC FORCE-M,IL0010847635,1084763,1111,FNFR-M,FINANCIAL FORCE LTD.,עילוי פיננסי-ש
A ONLINE-M,IL0010847890,1084789,1113,AOC-M,A-ONLINE CAPITAL (A.O.C) LTD.,אי אונליין-ש
BATM,IL0010849045,1084904,2135,BVC,BATM ADVANCED COMMUNICATIONS LTD,באטמ תקשורת
SYNEL,IL0010849532,1084953,1115,SNEL,SYNEL PAYWAY M.L.L LTD,סינאל
A.M.S.ELECTR-M,IL0010851413,1085141,1120,AMS-M,A.M.S. ELECTRONICS LTD.,אי.אם.אס-ש
CERAGON,IL0010851660,1085166,2185,CRNT,CERAGON NETWORKS LTD.,סרגון
COMPUGEN,IL0010852080,1085208,2188,CGEN,COMPUGEN LTD.,קומפיוגן
ARAN,IL0010852650,1085265,1122,ARAN,ARAN RESEARCH & DEVELOPMENT (1982) LTD.,ארן
R.H TECHNO,IL0010853641,1085364,1125,RHTCH,R.H TECHNOLOGIES LTD,ר.ה.טכנולוגיות
XTL BIO,IL0010854979,1085497,2190,XTLB,XTL BIOPHARMACEUTICALS LTD.,אקס טי אל
O.R.T.,IL0010862303,1086230,1135,ORTC,O.R.T TECHNOLOGIES LTD.,או.אר.טי
FOX,IL0010870223,1087022,1140,FOX,FOX-WIZEL LTD.,פוקס
SAPIENS,ANN7716A1513,1087659,1146,SPNS,SAPIENS INTERNATIONAL CORPORATION N.V,סאפיינס
EL AL,IL0010878242,1087824,1152,ELAL,EL AL ISRAEL AIRLINES LTD.,אל על
KARDAN N.V.,NL0000113652,1087949,1154,KRNV,KARDAN N.V.,קרדן אן.וי.
SPUNTECH,IL0010901176,1090117,1182,SPNTC,N.R. SPUNTECH INDUSTRIES LTD.,ספאנטק
TADIR GAN,IL0010901416,1090141,1185,TDGN,TADIR-GAN (PRECISION PRODUCTS) 1993 LTD.,תדיר גן
DIMRI,IL0010903156,1090315,1193,DIMRI,Y.H.DIMRI BUILDING & DEVELOPMENT LTD,דמרי
ELSPEC,IL0010903644,1090364,1194,ELSPC,ELSPEC ENGINEERING LTD.,אלספק
SHALAG,IL0010905474,1090547,1198,SALG,SHALAG INDUSTRIES LTD.,שלאג
POLYRAM,IL0010909435,1090943,1209,POLRM,POLYRAM (1999) LTD.,פולירם
MAYTRONICS,IL0010910656,1091065,1212,MTRN,MAYTRONICS LTD.,מיטרוניקס
LAPIDOT HEL L,IL0010912488,1091248,1216,LPHL.L,LAPIDOTH-HELETZ - LIMITD PARTNERSHIP,לפידות חלץ יהש
AFRICA PROERT.,IL0010913544,1091354,1172,AFPR,AFRICA ISRAEL PROPERTIES LTD,אפריקה נכסים
ARAD,IL0010916513,1091651,1219,ARD,ARAD LTD.,ארד
P.C.B TEC,IL0010916851,1091685,1221,PCBT,P.C.B. TECHNOLOGIES LTD.,פיסיבי טכנ
GOLAN PLASTIC,IL0010919335,1091933,1226,GLPL,GOLAN PLASTIC PRODUCTS LTD.,גולן פלסטיק
AMIR MARK.,IL0010922040,1092204,1232,AMRK,AMIR MARKETING AND INVESTMTS IN AGRICULTURE LTD.,עמיר שיווק
SPACE COM,IL0010923451,1092345,1132,SCC,SPACE-COMMUNICATION LTD.,חלל תקשורת
BGI,IL0010927098,1092709,1238,BGI,B.G.I INVESTMENTS (1961) LTD,בי.ג'י.איי
PLASTOFIL,IL0010928401,1092840,1240,PPIL,PLASTOPIL HAZOREA COMPANY LTD.,פלסטופיל
DOR ALON,IL0010932023,1093202,1072,DRAL,DOR ALON ENERGY IN ISRAEL (1988) LTD,דור אלון
D-PHARM,IL0010935588,1093558,2230,DPRM,D-PHARM LTD,די פארם
ELECTRA REAL E.,IL0010940448,1094044,1264,ELCRE,ELECTRA REAL ESTATE LTD,אלקטרה נדלן
KAMADA,IL0010941198,1094119,1267,KMDA,KAMADA LTD.,קמהדע
MY SIZE,USU890971067,1094168,1268,MYSZ,"MY SIZE, INC.",מיי סייז
BRIMAG,IL0010942832,1094283,1269,BRMG,BRIMAG DIGITAL AGE LTD,ברימאג
CAN FITE BIO,IL0010944739,1094473,1272,CANF,CAN FITE BIOPHARMA LTD,כן פייט ביופרמה
BRAM INDUS,IL0010945157,1094515,1274,BRAM,BRAM INDUSTRIES LTD,ברם תעשיות
SOHO REAL ES,IL0010946221,1094622,1279,SOHO,SOHO RAELESTATE LTD,סוהו נדלן
OPAL BALANCE,IL0010949860,1094986,1287,OPAL,OPAL BALANCE INVESTMENTS LTD,אופל בלאנס
THERAPIX BIO,IL0010951403,1095140,1292,THXBY,THERAPIX BIOSCIENCES LTD,תראפיקס ביו
BIO LIGHT,IL0010952237,1095223,1293,BOLT,BIO LIGHT ISRAELI LIFE SCIENCES INVESTMENTS LTD,ביו לייט
CAMTEK,IL0010952641,1095264,2174,CAMT,CAMTEK LTD.,קמטק
HADASIT BIO,IL0010954050,1095405,1294,HDST,HBL - HADASIT BIO HOLDINGS LTD,הדסית ביו
NEXTCOM,IL0010957855,1095785,1298,NXTM,NEXTCOM LTD,נקסטקום
PERION NETWORK,IL0010958192,1095819,2240,PERI,PERION NETWORK LTD.,פריון נטוורק
AIRPORT CITY,IL0010958358,1095835,1300,ARPT,AIRPORT CITY LTD,ארפורט סיטי
GINEGAR,IL0010958929,1095892,1301,GNGR,GINEGAR PLASTIC PRODUCTS LTD.,גניגר
USER TREND,IL0010960073,1096007,1304,USER,USER TREND LTD.,יוזר טרנד
BIO VIEW,IL0010960495,1096049,1305,BIOV,BIO VIEW LTD,ביו ויו
LEADER CAP,IL0010961063,1096106,1307,LDRC,LEADER CAPITAL MARKETS LTD.,לידר שוקי הון
GOLF,IL0010961485,1096148,1310,GOLF,GOLF & CO,גולף
MEDIGUS,IL0010961717,1096171,1311,MDGS,MEDIGUS LTD.,מדיגוס
DORSEL,IL0010966765,1096676,1312,DRSL,DORSEL (B.A.Z.) LTD.,דורסל
MEDICAL,IL0010968902,1096890,1318,MDCL,MEDICAL COMPRESSION SYSTEM (D.B.N) LTD,מדיקל
B.S.P.,IL0010970544,1097054,1320,BSP,B.S.P BIOLOGICAL SIGNAL PROCESSING LTD,בי.אס.פי
CAPITAL POINT,IL0010971468,1097146,1325,CPTP,CAPITAL POINT LTD,קפיטל פוינט
B.YAIR,IL0010972292,1097229,1289,BYAR,B.YAIR BUILDING CORPORATION 1988 LTD,ב.יאיר
BIG,IL0010972607,1097260,1327,BIG,BIG SHOPPING CENTERS LTD,ביג
AMOT,IL0010972789,1097278,1328,AMOT,AMOT INVESTMENTS LTD.,אמות
BUY2 NETWORKS,IL0010973449,1097344,1329,BUY2,BUY2 NETWORKS LTD,ביי2 נטוורקס
AFRICA RESIDENC,IL0010979487,1097948,1338,AFRE,AFRICA ISRAEL RESIDENCES LTD.,אפריקה מגורים
BLUE SQ REAL ES,IL0010985658,1098565,1349,BLSR,BLUE SQUARE REAL ESTATE LTD,רבוע נדלן
SUNFLOWER,IL0010987555,1098755,1062,SNFL,SUNFLOWER SUSTAINABLE INVESTMENTS LTD.,סאנפלאואר
REIT 1,IL0010989205,1098920,1357,RIT1,REIT 1 LTD,ריט 1
XENIA,IL0010995715,1099571,1364,XENA,XENIA VENTURE CAPITAL LTD.,קסניה
ALLOT COMMUNI,IL0010996549,1099654,2252,ALLT,ALLOT COMMUNICATIONS LTD,אלוט תקשורת
ZERAH     L,IL0010997612,1099761,1369,ZRAH.L,ZERAH OIL & GAZ EXPLORATIONS- L.P,זרח        יהש
MICRONET 0.1,IL0010997877,1099787,1370,MCRNL,MICRONET LTD,מיקרונט
PAZ OIL,IL0011000077,1100007,1363,PZOL,PAZ OIL COMPANY LTD.,פז נפט
BRAINSWAY,IL0011007189,1100718,1386,BRIN,BRAINSWAY LTD.,בריינסוויי
AVGOL,IL0011009573,1100957,1390,AVGL,AVGOL INDUSTRIES 1953 LTD.,אבגול
ENDYMED,IL0011010217,1101021,1391,ENDY,ENDYMED LTD.,אנדימד
ALLIUM MEDICAL,IL0011014508,1101450,1393,ALMD,ALLIUM MEDICAL SOLUTIONS LTD,אליום מדיקל
BIOLINE RX,IL0011015182,1101518,1394,BLRX,BIOLINE RX LTD.,ביוליין
CELLCOM,IL0011015349,1101534,2066,CEL,CELLCOM ISRAEL LTD.,סלקום
BABYLON,IL0011016669,1101666,1397,BBYL,BABYLON LTD.,בבילון
PRASHKOVSKY,IL0011021289,1102128,1330,PRSK,PRASHKOVSKY INVESTMENTS AND CONSTRUCTION LTD,פרשקובסקי
FRIDENSON,IL0011022196,1102219,1403,FRDN,FRIDENSON LOGISTIC SERVICES LTD,פרידנזון
SOLEGREEN,IL0011022352,1102235,1405,SLGN,SOLEGREEN LTD,סולגרין
ITAMAR,IL0011024580,1102458,1411,ITMR,ITAMAR MEDICAL LTD,איתמר
HANAN MOR,IL0011025322,1102532,1331,HNMR,HANAN MOR GROUP - HOLDINGS LTD,חנן מור
ORTAM SAHAR,IL0011034647,1103464,1424,ORTM,ORTAM SAHAR ENGINEERING LTD.,אורתם סהר
ORIAN,IL0011035065,1103506,1425,ORIN,ORIAN SH.M. LTD.,אוריין
SCHNAPP,IL0011035719,1103571,1427,SHNP,E.SCHNAPP CO. WORKS LTD.,שנפ
NISKO ELECTRI-L,IL0011036212,1103621,1429,NSEL-L,NISKO ELECTRICITY AND ELECTRONICS LTD.,ניסקו חשמל-ס
D.N.A BIOMED,IL0011038523,1103852,1435,DNA,D.N.A BIOMEDICAL SOLUTIONS LTD.,די.אן.איי ביומד
RAVAL,IL0011038788,1103878,1436,RVL,RAVAL ICS LTD,רבל
ZMH,IL0011040586,1104058,1442,ZMH,Z.M.H HAMMERMAN LTD,צמח המרמן
RAMI LEVI,IL0011042491,1104249,1445,RMLI,RAMI LEVI CHAIN STORES HASHIKMA MARKETING 2006 LTD,רמי לוי
CLAL BIOTECH,IL0011042806,1104280,1447,CBI,CLAL BIOTECHNOLOGY INDUSTRIES LTD,כלל ביוטכנו
ASHDAR,IL0011043143,1104314,1448,ASDR,ASHDAR BUILDING COMPANY LTD.,אשדר
INTERCOLONY-L,IL0011043630,1104363,1344,INTCL-L,INTERCOLONY INVESTMENTS LTD.,אינטרקולוני-ס
MEGA OR,IL0011044885,1104488,1450,MGOR,MEGA OR HOLDINGS LTD,מגה אור
ORAD,IL0011044968,1104496,1451,ORAD,ORAD LTD,אורד
GAON,IL0011047441,1104744,1452,GAON,B.GAON HOLDINGS LTD.,גאון אחזקות
HAMAMA,IL0011047854,1104785,1453,HMAM,HAMAMA MEIR TRADING (1996) LTD.,חממה סחר
EXALENZ,IL0011048688,1104868,1455,EXEN,EXALENZ BIOSCIENCE LTD,אקסלנז
HAMASHBIR 365,IL0011049595,1104959,1459,MSAH,HAMASHBIR 365 HOLDINGS LTD,המשביר 365
TGBR,IL0011050221,1105022,1460,TIGBUR,TIGBUR - TEMPORARY PROFESSIONAL PERSONNEL LTD,תיגבור
EVOGENE,IL0011050551,1105055,1461,EVGN,EVOGENE LTD,אבוג'ן
NETO MALINDA-L,IL0011050973,1105097,1463,NTML-L,NETO MALINDA TRADING LTD,נטו מלינדה-ס
MOBILE MAX-L,IL0011051393,1105139,1465,MBMX-L,MOBILE MAX TECHNOLOGIES LTD,מובייל מקס-ס
EDRI-EL,IL0011051625,1105162,1466,EDRL,EDRI-EL ISRAEL ASSETS LTD,אדרי-אל
MISHORIM,IL0011051963,1105196,1467,MSHR,MISHORIM DEVELOPMENT LTD,מישורים
BIONDVAX,IL0011052045,1105204,1468,BNDX,BIONDVAX PHARMACEUTICALS LTD,ביונדווקס
I.T.G.I,IL0011059073,1105907,1473,ITGI,I.T.G.I MEDICAL LTD,איטיג'יאי
INTERCURE,IL0011063760,1106376,1480,INCR,INTERCURE LTD,אינטרקיור
MASLAVI      -L,IL0011067498,1106749,1484,MSLA-L,MASLAVI CONSTRUCTION COMPANY LTD.,מצלאוי-ס
KMN CAPITAL,IL0011068066,1106806,1485,KMNK,KMN CAPITAL LTD.,קמן קפיטל
MAZOR ROBOTICS,IL0011068553,1106855,1487,MZOR,MAZOR ROBOTICS LTD,מזור רובוטיקה
B COMMUNICATION,IL0011076630,1107663,1422,BCOM,B COMMUNICATIONS LTD,בי קומיונקיישנס
SELLA REAL EST,IL0011096448,1109644,1514,SLARL,SELLA CAPITAL REAL ESTATE LTD,סלע נדלן
PLAZA CENTERS,NL0000686772,1109917,1476,PLAZ,PLAZA CENTERS N.V,פלאזה סנטר
TAMIR FISH   RE,IL0011161770,1116177,1529,TFRE,TAMIR FISHMAN REAL ESTATE FUND LTD,תמיר נדלן
ALON GAS,IL0011176885,1117688,1531,ALGS,ALON NATURAL GAS EXPLORATION LTD.,אלון גז
INTEC PHARMA,IL0011177958,1117795,1530,INTP,INTEC PHARMA LTD,אינטק פארמ
PROTEOLOGICS,IL0011181166,1118116,1532,PRTL,PROTEOLOGICS LTD,פרוטאולוגיקס
DORI      CONST,IL0011183220,1118322,1533,DRCN,U.DORI CONSTRUCTION LTD,דורי בניה
KARDAN REAL ES,IL0011184475,1118447,1083,KARE,KARDAN REAL ESTATE ENTERPRISE AND DEVELOPMENT LTD,קרדן נדלן
NEOCITY,IL0011184707,1118470,1408,NCT,NEOCITY GROUP FOR INVESTMENTS AND HOLDINGS LTD,נאוסיטי
LEVINSTEIN PROP,IL0011190803,1119080,1536,LVPR,LEVINSTEIN PROPERTIES LTD,לוינשטין נכסים
AZRIELI GROUP,IL0011194789,1119478,1420,AZRG,AZRIELI GROUP LTD,עזריאלי קבוצה
APOSENSE,IL0011195935,1119593,1545,APOS,APOSENSE LTD,אפוסנס
GLOB EXPLOR L,IL0011198335,1119833,1548,GLEX.L,GLOB EXPLORATION,גלוב אקספ   יהש
ISRAEL OP     L,IL0011199242,1119924,1551,ISOP.L,ISRAEL OPPORTUNITY ENERGY RESOURCES,הזדמנות יהש
INSULINE,IL0011201618,1120161,1550,INSL,INSULINE MEDICAL LTD,אינסוליין
PROTALIX,US74365A1016,1120609,1554,PLX,PROTALIX BIOTHERAPEUTICS INC,פרוטליקס
ILDC ENERGY,IL0011214744,1121474,1561,IE,THE ISRAEL LAND DEVELOPMENT COMPANY ENERGY LTD,הכשרה אנרגיה
BRACK CAPIT N V,NL0009690619,1121607,1560,BCNV,BRACK CAPITAL PROPERTIES N.V,בראק אן וי
PLURISTEM,US72940R1023,1121730,1569,PSTI,PLURISTEM THERAPEUTICS INC.,פלוריסטם
REDHILL,IL0011223810,1122381,1573,RDHL,REDHILL BIOPHARMA LTD,רדהיל
ICECURE MEDICAL,IL0011224156,1122415,1570,ICCM,ICECURE MEDICAL LTD,אייסקיור מדיקל
MEDIVIE,IL0011226540,1122654,1562,MDVI,MEDIVIE THERAPEUTIC LTD,מדיוי
G.F.C,IL0011226888,1122688,1568,GFC,G.F.C GREEN FIELDS CAPITAL LTD,ג'י.אף.סי
LIVEPERSON,US5381461012,1123017,1579,LPSN,LIVEPERSON INC.,לייבפרסון
ENERGIX,IL0011233553,1123355,1581,ENRG,ENERGIX-RENEWABLE ENERGIES LTD,אנרג'יקס
VICTORY,IL0011237778,1123777,1583,VCTR,VICTORY SUPERMARKET CHAIN LTD,ויקטורי
CARASSO,IL0011238503,1123850,1585,CRSO,CARASSO MOTORS LTD,קרסו
KARDEN YAZ,IL0011244782,1124478,1592,KRYT,KARDAN YAZAMUT (2011) LTD,קרדן יזמות
SHEMEN OIL& GAS,IL0011250128,1125012,1595,SOG,SHEMEN OIL AND GAS RESOURCES,שמן נפט וגז
PHOTOMEDEX,US7193583017,1126226,1599,PHMD,PHOTOMEDEX INC,פוטומדקס
BIOCANCELL,IL0011267882,1126788,1600,BICL,BIOCANCELL LTD,ביוקנסל
KADIMASTEM,IL0011284614,1128461,1606,KDST,KADIMASTEM LTD,קדימהסטם
MENDELSON    IF,IL0011294449,1129444,1247,MNIN,MENDELSON INFRASTRUCTURES & INDUSTRIES LTD,מנדלסוןתשת
SOMOTO,VGG826421023,1129451,1607,SMTO,SOMOTO LTD,סומוטו
IDI INSUR,IL0011295016,1129501,1608,IDIN,I.D.I. INSURANCE COMPANY LTD,איידיאיי ביטוח
OPKO HEALTH,US68375N1037,1129543,1610,OPK,"OPKO HEALTH,INC.",אופקו הלת'
PERRIGO,IE00BGH1M568,1130699,1612,PRGO,PERRIGO COMPANY PLC,פריגו
MEDITR TOWER,IL0011315236,1131523,1614,MDTR,MEDITERRANEAN TOWERS LTD,מגדלי תיכון
SKYLINE,CA83084Y1007,1131556,1613,SKLN,SKYLINE INTERNATIONAL DEVELOPMENT INC,סקייליין
ASHTROM GROUP,IL0011323156,1132315,1618,ASHG,ASHTROM GROUP LTD,אשטרום קבוצה
INROM CONST,IL0011323560,1132356,1616,INRM,INROM CONSTRUCTION INDUSTRIES LTD,אינרום
GMUL INVESTMENT,IL0011330813,1133081,1134,GMUL,GMUL INVESTMENT COMPANY LTD.,גמול השקעות
SHAPIR      ENG,IL0011338758,1133875,1633,SPEN,SHAPIR ENGINEERIG INDUSTRY LTD,שפיר הנדסה
KENON,SG9999012629,1134139,1635,KEN,KENON HOLDINGS LTD,קנון
ORA,US6866881021,1134402,2250,ORA,"ORMAT TECHNOLOG,INC",אורמת טכנו
MAAYAN VENTUR-M,IL0011351694,1135169,1286,MAYN-M,MAAYAN VENTURES LTD,מעין ונצ'רס - ש
KARDAN ISRAEL,IL0012100793,1210079,121,KRIS,KARDAN ISRAEL LTD.,קרדן ישראל
ADGAR INV.,IL0018200837,1820083,182,ADGR,ADGAR INVESTMENT & DEVELOPMENT LTD,אדגר
BAZAN,IL0025902482,2590248,259,ORL,OIL REFINERIES LTD.,בזן
ELECTRA CO  PR,IL0050101299,5010129,501,ECP,ELECTRA CONSUMER PRODUCTS LTD.,אלקטרה צריכה
IDB DEVELOPM.,IL0079802042,7980204,798,IDBD,IDB DEVELOPMENT CORPORATION LTD.,אידיבי פתוח
